month_number,month_name
3,March
2,February
1,January
12,December
8,August
1,January
1,January
3,March
10,October
4,April
11,November
1,January
3,March
2,February
11,November
8,August
12,December
10,October
11,November
11,November
10,October
9,September
6,June
2,February
2,February
8,August
12,December
1,January
9,September
4,April
6,June
12,December
12,December
1,January
4,April
12,December
9,September
4,April
7,July
1,January
11,November
3,March
9,September
7,July
3,March
3,March
9,September
5,May
4,April
8,August
9,September
4,April
3,March
5,May
11,November
8,August
2,February
1,January
2,February
6,June
10,October
4,April
11,November
2,February
1,January
6,June
10,October
12,December
12,December
1,January
9,September
1,January
7,July
11,November
3,March
10,October
11,November
2,February
4,April
1,January
4,April
9,September
8,August
1,January
4,April
7,July
8,August
5,May
5,May
8,August
3,March
10,October
6,June
1,January
5,May
5,May
5,May
1,January
11,November
12,December
10,October
10,October
1,January
6,June
4,April
8,August
12,December
11,November
1,January
12,December
11,November
2,February
5,May
3,March
5,May
1,January
2,February
5,May
2,February
3,March
2,February
9,September
8,August
10,October
1,January
3,March
11,November
10,October
1,January
1,January
11,November
3,March
11,November
12,December
8,August
11,November
6,June
4,April
7,July
10,October
11,November
12,December
1,January
2,February
3,March
8,August
1,January
5,May
11,November
12,December
1,January
11,November
4,April
10,October
3,March
4,April
10,October
6,June
9,September
10,October
7,July
5,May
11,November
9,September
1,January
3,March
3,March
9,September
1,January
1,January
3,March
3,March
9,September
6,June
1,January
8,August
10,October
4,April
8,August
6,June
2,February
2,February
6,June
1,January
10,October
8,August
11,November
1,January
3,March
4,April
7,July
3,March
4,April
8,August
1,January
6,June
1,January
12,December
10,October
7,July
12,December
12,December
3,March
5,May
3,March
1,January
11,November
4,April
6,June
2,February
2,February
3,March
10,October
7,July
1,January
2,February
5,May
10,October
4,April
12,December
6,June
5,May
4,April
3,March
3,March
9,September
8,August
4,April
1,January
9,September
4,April
6,June
10,October
2,February
7,July
2,February
11,November
11,November
9,September
4,April
2,February
6,June
7,July
2,February
8,August
10,October
8,August
2,February
4,April
9,September
3,March
2,February
3,March
4,April
1,January
8,August
1,January
10,October
5,May
2,February
1,January
12,December
2,February
11,November
12,December
9,September
2,February
5,May
10,October
4,April
10,October
11,November
2,February
9,September
11,November
5,May
12,December
1,January
3,March
11,November
6,June
5,May
8,August
8,August
11,November
3,March
10,October
12,December
3,March
5,May
2,February
10,October
12,December
1,January
2,February
4,April
7,July
1,January
3,March
7,July
11,November
2,February
8,August
3,March
1,January
12,December
1,January
9,September
2,February
6,June
1,January
2,February
12,December
1,January
7,July
2,February
6,June
5,May
2,February
4,April
12,December
4,April
7,July
3,March
4,April
10,October
10,October
2,February
10,October
12,December
1,January
3,March
1,January
2,February
9,September
5,May
12,December
11,November
1,January
3,March
3,March
7,July
4,April
5,May
6,June
2,February
8,August
12,December
3,March
9,September
6,June
8,August
7,July
5,May
2,February
6,June
2,February
6,June
10,October
10,October
11,November
5,May
10,October
1,January
2,February
3,March
11,November
12,December
10,October
12,December
11,November
4,April
4,April
1,January
10,October
11,November
3,March
10,October
7,July
11,November
1,January
12,December
12,December
10,October
7,July
11,November
12,December
3,March
12,December
6,June
7,July
6,June
3,March
3,March
10,October
11,November
2,February
4,April
4,April
8,August
2,February
11,November
11,November
3,March
11,November
2,February
12,December
3,March
1,January
12,December
2,February
4,April
6,June
7,July
4,April
9,September
6,June
1,January
1,January
2,February
4,April
2,February
10,October
10,October
3,March
1,January
1,January
7,July
8,August
8,August
11,November
11,November
12,December
3,March
4,April
1,January
3,March
3,March
2,February
1,January
12,December
11,November
4,April
9,September
2,February
3,March
7,July
9,September
2,February
6,June
4,April
7,July
5,May
9,September
7,July
12,December
9,September
2,February
10,October
10,October
3,March
9,September
3,March
6,June
7,July
7,July
7,July
12,December
7,July
2,February
3,March
5,May
5,May
5,May
4,April
11,November
4,April
11,November
1,January
2,February
2,February
3,March
5,May
6,June
8,August
3,March
4,April
3,March
5,May
1,January
7,July
10,October
9,September
1,January
9,September
8,August
3,March
7,July
8,August
3,March
